<updater_info>
    <module name="Firefox Plugin" version="2.2.7.818">
        <file path="C:\Program Files (x86)\Foxit Software\Foxit PDF Reader\plugins\npFoxitReaderPlugin.dll" />
    </module>
    <module name="Foxit Spell Check Language" version="2.1.1.618">
        <file path="C:\Program Files (x86)\Foxit Software\Foxit PDF Reader\lex\accent.tlx" />
        <file path="C:\Program Files (x86)\Foxit Software\Foxit PDF Reader\lex\correct.tlx" />
        <file path="C:\Program Files (x86)\Foxit Software\Foxit PDF Reader\lex\ssceam.tlx" />
        <file path="C:\Program Files (x86)\Foxit Software\Foxit PDF Reader\lex\ssceam2.clx" />
        <file path="C:\Program Files (x86)\Foxit Software\Foxit PDF Reader\lex\sscebr.tlx" />
        <file path="C:\Program Files (x86)\Foxit Software\Foxit PDF Reader\lex\sscebr2.clx" />
        <file path="C:\Program Files (x86)\Foxit Software\Foxit PDF Reader\lex\ssceca.tlx" />
        <file path="C:\Program Files (x86)\Foxit Software\Foxit PDF Reader\lex\ssceca2.clx" />
        <file path="C:\Program Files (x86)\Foxit Software\Foxit PDF Reader\lex\tech.tlx" />
        <file path="C:\Program Files (x86)\Foxit Software\Foxit PDF Reader\lex\userdic.tlx" />
    </module>
</updater_info>
